<?xml version="1.0" encoding="UTF-8" standalone="yes"?>
<addon id="plugin.video.phimviet" name="PhimViet" version="1.27.6.21" provider-name="Ngô Huy Tài">
    <requires>
        <import addon="xbmc.python" version="2.25.0"/>
        <import addon="script.module.six" version="1.13.0"/>
        <import addon="script.module.kodi-six" version="0.1.3"/>
        <import addon="script.module.beautifulsoup4" version="4.6.2"/>
        <import addon="script.module.requests" version="2.7.0"/>
        <import addon="script.module.pycryptodome" version="3.4.3"/>
        <import addon="script.module.routing" version="0.2.3"/>
    </requires>
    <extension point="xbmc.python.pluginsource" library="default.py">
        <provides>video</provides>
    </extension>
    <extension point="xbmc.addon.metadata">
        <summary>Bimozie addon</summary>
        <description>Ứng dụng này đính kèm vào Kodi cho phép bạn xem phim trên các trang phim Việt Nam như vkool.vn phimmoi.net phimmedia.tv tvhay.org phimbathu.com
        </description>
        <disclaimer>Chúng tôi chỉ cung cấp ứng dụng đính kèm vào phần mềm Kodi do đó không chịu bất kỳ trách nhiệm nào khi người dùng sử dụng ứng dụng này.
            Người dùng sử dụng ứng dụng này chịu trách nhiệm về nội dung đang dùng. Vì vậy người dùng ứng dụng này cần cân nhắc trước khi sử dụng.
            Chúng tôi không lưu trữ hoặc tải lên bất kỳ nội dung nào như  video, phim, các tập tin đa phương tiện, hay nội dung phát trực tiếp nào (có định dạng avi, mov, flv, mpg, mpeg, divx, dvd rip, mp3, mp4, torrent, ipod, psp...). 
	Đây là ứng dụng đọc dữ liệu từ các trang web. Do đó nếu người dùng có bất kỳ vấn đề về pháp lý như khiếu nại bản quyền, vui lòng liên hệ chủ sở hữu các trang web mà bạn truy cập.
           Đây là ứng dụng miễn phí, bạn nào có nhã ý mời cafe team để có động lực cập nhật phiên bản mới thì có thể chuyển vào đây nhé. Cảm ơn!
		CTK: Ngô Huy Tài
		STK: 16528
		Ngân hàng ACB 
        </disclaimer>
        <platform>all</platform>
        <email>taingohuy@gmail.com</email>
        <source>https://github.com/taingohuy/plugin.video.phimviet</source>
    </extension>
</addon>
